"name","smiles","formula","molwt","rb","glob","pbf","func_group"
"((4-Fluorophenyl)(propan-2-yl)carbamoyl)methanesulfonicacid","CC(C)N(C(=O)CS(O)(=O)=O)C1=CC=C(F)C=C1","C11H14FNO4S","275.297","4","0.25972","0.970463","No Amine"
"(2,4-Dichlorophenoxy)Aceticacid","OC(=O)COC1=C(Cl)C=C(Cl)C=C1","C8H6Cl2O3","221.037","3","0.0112196","0.09541","No Amine"
"10,11-dihydroxycarbamazepine","NC(=O)N1C2=CC=CC=C2C(O)C(O)C2=CC=CC=C12","C15H14N2O3","270.283","0","0.291754","1.09279","No Amine"
"1-Decanol","CCCCCCCCCCO","C10H22O","158.281","8","0.053769","0.609285","No Amine"
"2(3H)-Benzothiazolone","O=C1NC2=CC=CC=C2S1","C7H5NOS","151.186","0","1.19852e-10","1.95781e-05","No Amine"
"2,6-Dichlorobenzamide","NC(=O)C1=C(Cl)C=CC=C1Cl","C7H5Cl2NO","190.027","1","0.0826063","0.395514","No Amine"
"2-Hydroxyibuprofen","CC(C(O)=O)C1=CC=C(CC(C)(C)O)C=C1","C13H18O3","222.28","4","0.15696","1.01433","No Amine"
"2-methyl-4-chlorophenoxyaceticacid","CC1=C(OCC(O)=O)C=CC(Cl)=C1","C9H9ClO3","200.619","3","0.0764449","0.489929","No Amine"
"4-Phenoxybutyricacid","OC(=O)CCCOC1=CC=CC=C1","C10H12O3","180.2","5","0.0516354","0.520456","No Amine"
"5-Amino-2-methylphenol","CC1=C(O)C=C(N)C=C1","C7H9NO","123.152","0","0.0211043","0.166505","No Amine"
"5-Methyl-1H-benzotriazole","CC1=CC=C2NN=NC2=C1","C7H7N3","133.151","0","0.019642","0.125028","No Amine"
"Acenaphthene","C1CC2=C3C1=CC=CC3=CC=C2","C12H10","154.208","0","0.0381328","0.162522","No Amine"
"Acetaminophen","CC(=O)NC1=CC=C(O)C=C1","C8H9NO2","151.163","1","0.0107703","0.106935","No Amine"
"Acetamiprid","CN(CC1=CN=C(Cl)C=C1)C(C)=NC#N","C10H11ClN4","222.674","3","0.125318","0.815904","No Amine"
"Acetylsalicylicacid","CC(=O)OC1=CC=CC=C1C(O)=O","C9H8O4","180.157","3","0.0545564","0.422898","No Amine"
"Aclonifen","NC1=C(C=CC(OC2=CC=CC=C2)=C1Cl)[N+]([O-])=O","C12H9ClN2O3","264.664","3","0.106534","0.819816","No Amine"
"Amitriptyline","CN(C)CCC=C1C2=CC=CC=C2CCC2=CC=CC=C12","C20H23N","277.403","3","0.145128","0.980173","Tertiary Amine"
"Amphetamine","CC(N)CC1=CC=CC=C1","C9H13N","135.206","2","0.124666","0.701982","Primary Amine"
"Aniline","NC1=CC=CC=C1","C6H7N","93.1265","0","0.00261332","0.066263","No Amine"
"Atenolol","CC(C)NCC(O)COC1=CC=C(CC(N)=O)C=C1","C14H22N2O3","266.336","8","0.0607817","0.956487","Secondary Amine"
"Atrazine","CCNC1=NC(NC(C)C)=NC(Cl)=N1","C8H14ClN5","215.683","4","0.105328","0.675624","No Amine"
"Bentazone","CC(C)N1C(=O)C2=CC=CC=C2NS1(=O)=O","C10H12N2O3S","240.279","1","0.110839","0.616802","No Amine"
"Benzophenone","O=C(C1=CC=CC=C1)C1=CC=CC=C1","C13H10O","182.218","2","0.0768929","0.66081","No Amine"
"1H-Benzotriazole","N1N=NC2=CC=CC=C12","C6H5N3","119.124","0","2.2167e-10","2.14384e-05","No Amine"
"Benzoylecgonine","CN1[C@H]2CC[C@@H]1[C@H]([C@H](C2)OC(=O)C1=CC=CC=C1)C(O)=O","C16H19NO4","289.326","4","0.147414","1.05331","Tertiary Amine"
"Caffeine","CN1C=NC2=C1C(=O)N(C)C(=O)N2C","C8H10N4O2","194.191","0","0.0382736","0.223516","No Amine"
"Carbamazepine","NC(=O)N1C2=CC=CC=C2C=CC2=CC=CC=C12","C15H12N2O","236.269","0","0.198805","0.945777","No Amine"
"Carbamazepine-10,11-epoxide","NC(=O)N1C2=CC=CC=C2C2OC2C2=CC=CC=C12","C15H12N2O2","252.268","0","0.276841","1.07013","No Amine"
"Cetirizine","OC(=O)COCCN1CCN(CC1)C(C1=CC=CC=C1)C1=CC=C(Cl)C=C1","C21H25ClN2O3","388.888","8","0.106252","1.00922","Tertiary Amine"
"Chlorantraniliprole","CNC(=O)C1=C(NC(=O)C2=CC(Br)=NN2C2=C(Cl)C=CC=N2)C(C)=CC(Cl)=C1","C18H14BrCl2N5O2","483.146","4","0.355054","1.40199","No Amine"
"Chloridazon-desphenyl","NC1=C(Cl)C(=O)NN=C1","C4H4ClN3O","145.547","0","0.00553091","0.0981024","No Amine"
"Citalopram","CN(C)CCCC1(OCC2=C1C=CC(=C2)C#N)C1=CC=C(F)C=C1","C20H21FN2O","324.392","5","0.184191","0.99305","Tertiary Amine"
"Clofibricacid","CC(C)(OC1=CC=C(Cl)C=C1)C(O)=O","C10H11ClO3","214.646","3","0.131235","0.721086","No Amine"
"Clothianidin","CN\C(NCC1=CN=C(Cl)S1)=N/[N+]([O-])=O","C6H8ClN5O2S","249.678","5","0.0711337","0.653102","No Amine"
"Cocaine","COC(=O)[C@@H]1[C@H]2CC[C@@H](C[C@@H]1OC(=O)C1=CC=CC=C1)N2C","C17H21NO4","303.353","5","0.218889","1.20216","Tertiary Amine"
"Codeine","COC1=C2O[C@H]3[C@@H](O)C=C[C@H]4[C@H]5CC(C=C1)=C2[C@@]34CCN5C","C18H21NO3","299.364","1","0.235501","1.08699","Tertiary Amine"
"Cotinine","CN1[C@@H](CCC1=O)C1=CN=CC=C1","C10H12N2O","176.215","1","0.206384","0.814301","No Amine"
"Cyantraniliprole","CNC(=O)C1=C(NC(=O)C2=CC(Br)=NN2C2=C(Cl)C=CC=N2)C(C)=CC(=C1)C#N","C19H14BrClN6O2","473.71","4","0.387115","1.2932","No Amine"
"Cyclohexanone","O=C1CCCCC1","C6H10O","98.143","0","0.300395","0.557672","No Amine"
"Dicamba","COC1=C(Cl)C=CC(Cl)=C1C(O)=O","C8H6Cl2O3","221.037","2","0.11088","0.525773","No Amine"
"Dichlobenil","ClC1=CC=CC(Cl)=C1C#N","C7H3Cl2N","172.011","0","5.15356e-11","1.12709e-05","No Amine"
"Diclofenac","OC(=O)CC1=CC=CC=C1NC1=C(Cl)C=CC=C1Cl","C14H11Cl2NO2","296.149","4","0.180519","0.887715","No Amine"
"Diphenylamine","N(C1=CC=CC=C1)C1=CC=CC=C1","C12H11N","169.222","2","0.0421368","0.49763","No Amine"
"Diuron","CN(C)C(=O)NC1=CC(Cl)=C(Cl)C=C1","C9H10Cl2N2O","233.094","1","0.0364048","0.452275","No Amine"
"Ethylenediaminetetraaceticacid","OC(=O)CN(CCN(CC(O)=O)CC(O)=O)CC(O)=O","C10H16N2O8","292.243","11","0.177241","0.82882","Tertiary Amine"
"Estradiol","C[C@]12CC[C@H]3[C@@H](CCC4=C3C=CC(O)=C4)[C@@H]1CC[C@@H]2O","C18H24O2","272.382","0","0.123595","0.816587","No Amine"
"Estriol","C[C@]12CC[C@H]3[C@@H](CCC4=C3C=CC(O)=C4)[C@@H]1C[C@@H](O)[C@@H]2O","C18H24O3","288.381","0","0.0856361","0.694289","No Amine"
"Ethylbenzene","CCC1=CC=CC=C1","C8H10","106.165","1","0.101114","0.508707","No Amine"
"Fipronil","NC1=C(C(=NN1C1=C(Cl)C=C(C=C1Cl)C(F)(F)F)C#N)S(=O)C(F)(F)F","C12H4Cl2F6N4OS","437.148","4","0.0570796","0.678926","No Amine"
"Fipronilsulfone","NC1=C(C(=NN1C1=C(Cl)C=C(C=C1Cl)C(F)(F)F)C#N)S(=O)(=O)C(F)(F)F","C12H4Cl2F6N4O2S","453.147","4","0.0836464","0.875303","No Amine"
"Flufenacet","CC(C)N(C(=O)COC1=NN=C(S1)C(F)(F)F)C1=CC=C(F)C=C1","C14H13F4N3O2S","363.331","6","0.0884772","0.887651","No Amine"
"Fluoranthene","C1=CC=C2C(=C1)C1=CC=CC3=CC=CC2=C13","C16H10","202.251","0","1.03511e-10","2.34696e-05","No Amine"
"Fluoxetine","CNCCC(OC1=CC=C(C=C1)C(F)(F)F)C1=CC=CC=C1","C17H18F3NO","309.326","7","0.127686","0.938695","Secondary Amine"
"Flupyradifurone","FC(F)CN(CC1=CN=C(Cl)C=C1)C1=CC(=O)OC1","C12H11ClF2N2O2","288.678","5","0.185939","0.928839","No Amine"
"Gabapentin","NCC1(CC(O)=O)CCCCC1","C9H17NO2","171.237","3","0.350946","0.968233","Primary Amine"
"Gliclazide","CC1=CC=C(C=C1)S(=O)(=O)NC(=O)NN1CC2CCCC2C1","C15H21N3O3S","323.411","3","0.0797103","0.906538","No Amine"
"Guanylurea","NC(=N)NC(N)=O","C2H6N4O","102.095","1","0.0146247","0.158025","No Amine"
"Hydrocodone","COC1=C2O[C@H]3C(=O)CC[C@H]4[C@H]5CC(C=C1)=C2[C@@]34CCN5C","C18H21NO3","299.364","1","0.252162","1.08318","Tertiary Amine"
"Ibuprofen","CC(C)CC1=CC=C(C=C1)C(C)C(O)=O","C13H18O2","206.281","4","0.105594","0.925228","No Amine"
"Imidacloprid","[O-][N+](=O)\N=C1/NCCN1CC1=CN=C(Cl)C=C1","C9H10ClN5O2","255.661","3","0.153504","0.863855","No Amine"
"Isoprocarb","CNC(=O)OC1=CC=CC=C1C(C)C","C11H15NO2","193.242","3","0.139643","0.7654","No Amine"
"Ketamine","CNC1(CCCCC1=O)C1=CC=CC=C1Cl","C13H16ClNO","237.725","2","0.181387","0.806407","Secondary Amine"
"Lamotrigine","NC1=NC(N)=C(N=N1)C1=C(Cl)C(Cl)=CC=C1","C9H7Cl2N5","256.091","1","0.0912326","0.699717","No Amine"
"Lidocaine","CCN(CC)CC(=O)NC1=C(C)C=CC=C1C","C14H22N2O","234.337","5","0.0769449","0.65335","Tertiary Amine"
"Linalool","CC(C)=CCCC(C)(O)C=C","C10H18O","154.249","4","0.132339","0.84075","No Amine"
"Sotalol","CC(C)NCC(O)C1=CC=C(NS(C)(=O)=O)C=C1","C12H20N2O3S","272.364","6","0.0904374","0.884068","Secondary Amine"
"Melamine","NC1=NC(N)=NC(N)=N1","C3H6N6","126.12","0","0.00859272","0.144753","No Amine"
"Metaflumizone","FC(F)(F)OC1=CC=C(NC(=O)N\N=C(/CC2=CC=C(C=C2)C#N)C2=CC(=CC=C2)C(F)(F)F)C=C1","C24H16F6N4O2","506.4","8","0.078751","1.04419","No Amine"
"Metazachlor","CC1=CC=CC(C)=C1N(CN1C=CC=N1)C(=O)CCl","C14H16ClN3O","277.749","4","0.570893","1.3198","No Amine"
"MetazachlorESA","CC1=CC=CC(C)=C1N(CN1C=CC=N1)C(=O)CS(O)(=O)=O","C14H17N3O4S","323.367","5","0.379861","1.22432","No Amine"
"Metformin","CN(C)C(=N)NC(N)=N","C4H11N5","129.164","3","0.121685","0.614672","No Amine"
"Methylamine","CN","CH5N","31.0571","0","0.232044","0.342991","Primary Amine"
"Methylchlorophenoxypropionicacid","CCC(Cl)(OC1=CC=CC=C1)C(O)=O","C10H11ClO3","214.646","4","0.195731","0.976644","No Amine"
"Modafinil","NC(=O)C=S(O)C(C1=CC=CC=C1)C1=CC=CC=C1","C15H15NO2S","273.35","4","0.228912","1.14348","No Amine"
"Morphine","CN1CC[C@]23[C@H]4OC5=C(O)C=CC(C[C@@H]1[C@@H]2C=C[C@@H]4O)=C35","C17H19NO3","285.338","0","0.328519","1.08398","Tertiary Amine"
"N,N,N',N'-Tetraacetylethylenediamine","CC(=O)N(CCN(C(C)=O)C(C)=O)C(C)=O","C10H16N2O4","228.245","3","0.273876","1.01503","No Amine"
"N,N-diethyl-m-toluamide","CCN(CC)C(=O)C1=CC=CC(C)=C1","C12H17NO","191.269","3","0.116511","0.749716","No Amine"
"N,N-Dimethylaniline","CN(C)C1=CC=CC=C1","C8H11N","121.18","1","0.0351471","0.241619","No Amine"
"Naproxen","COC1=CC=C2C=C(C=CC2=C1)[C@H](C)C(O)=O","C14H14O3","230.259","3","0.0632338","0.525335","No Amine"
"Nitrobenzene","[O-][N+](=O)C1=CC=CC=C1","C6H5NO2","123.109","1","1.64535e-10","2.14206e-05","No Amine"
"Acetaminophensulfate","CC(=O)NC1=CC=C(OS(O)(=O)=O)C=C1","C8H9NO5S","231.226","3","0.0198948","0.286988","No Amine"
"p-Benzoquinone","O=C1C=CC(=O)C=C1","C6H4O2","108.095","0","2.87967e-10","2.38256e-05","No Amine"
"Propyzamide","CC(C)(NC(=O)C1=CC(Cl)=CC(Cl)=C1)C#C","C12H11Cl2NO","256.128","2","0.115341","0.719759","No Amine"
"Ranitidine","Cl.CN\C(NCCSCC1=CC=C(CN(C)C)O1)=C/[N+]([O-])=O","C13H23ClN4O3S","350.865","10","0.108946","1.0728","Tertiary Amine"
"Salicylicacid","OC(=O)C1=CC=CC=C1O","C7H6O3","138.121","1","1.88022e-10","2.4197e-05","No Amine"
"Schradan","CN(C)P(=O)(OP(=O)(N(C)C)N(C)C)N(C)C","C8H24N4O3P2","286.249","6","0.236097","1.06718","No Amine"
"Sertraline","CN[C@H]1CC[C@@H](C2=CC(Cl)=C(Cl)C=C2)C2=CC=CC=C12","C17H17Cl2N","306.23","2","0.247153","1.05519","Secondary Amine"
"Simazine","CCNC1=NC(NCC)=NC(Cl)=N1","C7H12ClN5","201.657","4","0.0237026","0.35659","No Amine"
"Sitagliptin","N[C@@H](CC(=O)N1CCN2C(C1)=NN=C2C(F)(F)F)CC1=CC(F)=C(F)C=C1F","C16H15F6N5O","407.314","5","0.0552122","0.83388","Primary Amine"
"Spirotetramat","CCOC(=O)OC1=C(C(=O)NC11CCC(CC1)OC)C1=C(C)C=CC(C)=C1","C21H27NO5","373.443","6","0.179438","1.19574","No Amine"
"Sulisobenzone","COC1=C(C=C(C(=O)C2=CC=CC=C2)C(O)=C1)S(O)(=O)=O","C14H12O6S","308.306","4","0.0904348","0.842522","No Amine"
"Terbutryn","CCNC1=NC(NC(C)(C)C)=NC(SC)=N1","C10H19N5S","241.356","5","0.09343","0.773074","No Amine"
"Terpineol","CC1=CCC(CC1)C(C)(C)O","C10H18O","154.249","1","0.141876","0.74629","No Amine"
"Tonalide","CC1CC(C)(C)C2=C(C=C(C)C(=C2)C(C)=O)C1(C)C","C18H26O","258.398","1","0.144796","0.88093","No Amine"
"Tramadol","COC1=CC=CC(=C1)[C@@]1(O)CCCC[C@@H]1CN(C)C","C16H25NO2","263.375","4","0.413147","1.27065","Tertiary Amine"
"N-Phenyl-1-naphthylamine","N(C1=CC=CC=C1)C1=CC=CC2=CC=CC=C12","C16H13N","219.281","2","0.0611241","0.641846","No Amine"
"2-Naphthylamine","NC1=CC=C2C=CC=CC2=C1","C10H9N","143.185","0","0.00115454","0.0573514","No Amine"
"1-Naphthylamine","NC1=C2C=CC=CC2=CC=C1","C10H9N","143.185","0","0.0127257","0.112865","No Amine"
"N-nitrosodiphenylamine","O=NN(C1=CC=CC=C1)C1=CC=CC=C1","C12H10N2O","198.221","3","0.0879952","0.678061","No Amine"
"Venlafaxine","COC1=CC=C(C=C1)C(CN(C)C)C1(O)CCCCC1","C17H27NO2","277.402","5","0.192242","1.06452","Tertiary Amine"
"Kanamycina","NC[C@H]1O[C@H](O[C@@H]2[C@@H](N)C[C@@H](N)[C@H](O[C@H]3O[C@H](CO)[C@@H](O)[C@H](N)[C@H]3O)[C@H]2O)[C@H](O)[C@@H](O)[C@@H]1O","C18H36N4O11","484.499","6","0.0835214","0.917398","Primary Amine"
"Streptomycin","CN[C@H]1[C@H](O)[C@@H](O)[C@H](CO)O[C@H]1O[C@H]1[C@H](O[C@H]2[C@H](O)[C@@H](O)[C@H](NC(N)=N)[C@@H](O)[C@@H]2NC(N)=N)O[C@@H](C)[C@]1(O)C=O","C21H39N7O12","581.574","11","0.12139","1.16082","Secondary Amine"
"Amikacin","NCC[C@H](O)C(=O)N[C@@H]1C[C@H](N)[C@@H](O[C@H]2O[C@H](CN)[C@@H](O)[C@H](O)[C@H]2O)[C@H](O)[C@H]1O[C@H]1O[C@H](CO)[C@@H](O)[C@H](N)[C@H]1O","C22H43N5O13","585.603","10","0.177559","1.34904","Primary Amine"
"Arbekacin","NCC[C@H](O)C(=O)N[C@@H]1C[C@H](N)[C@@H](O[C@H]2O[C@H](CN)CC[C@H]2N)[C@H](O)[C@H]1O[C@H]1O[C@H](CO)[C@@H](O)[C@H](N)[C@H]1O","C22H44N6O10","552.619","10","0.0772493","0.98715","Primary Amine"
"Dibekacin","NC[C@@H]1CC[C@@H](N)[C@@H](O[C@@H]2[C@@H](N)C[C@@H](N)[C@H](O[C@H]3O[C@H](CO)[C@@H](O)[C@H](N)[C@H]3O)[C@H]2O)O1","C18H37N5O8","451.515","6","0.147391","1.05752","Primary Amine"
"Gentamicin","CNC(C)C1CCC(N)C(OC2C(N)CC(N)C(OC3OCC(C)(O)C(NC)C3O)C2O)O1","C21H43N5O7","477.595","7","0.124085","1.06891","Primary Amine"
"Isepamicin","CN[C@@H]1[C@@H](O)[C@@H](O[C@H]2[C@@H](C[C@H](N)[C@@H](O[C@H]3O[C@H](CN)[C@@H](O)[C@H](O)[C@H]3O)[C@@H]2O)NC(=O)[C@@H](O)CN)OC[C@]1(C)O","C22H43N5O12","569.603","9","0.115156","1.18849","Primary Amine"
"Netilmicin","CCN[C@@H]1C[C@H](N)[C@@H](O[C@H]2OC(CN)=CC[C@H]2N)[C@H](O)[C@H]1O[C@H]1OC[C@](C)(O)[C@H](NC)[C@H]1O","C21H41N5O7","475.58","8","0.0633067","0.87716","Primary Amine"
"Sisomicin","CN[C@@H]1[C@@H](O)[C@@H](O[C@H]2[C@H](N)C[C@H](N)[C@@H](O[C@H]3OC(CN)=CC[C@H]3N)[C@@H]2O)OC[C@]1(C)O","C19H37N5O7","447.526","6","0.129542","1.22426","Primary Amine"
"Tobramycin","NC[C@H]1O[C@H](O[C@@H]2[C@@H](N)C[C@@H](N)[C@H](O[C@H]3O[C@H](CO)[C@@H](O)[C@H](N)[C@H]3O)[C@H]2O)[C@H](N)C[C@@H]1O","C18H37N5O9","467.514","6","0.106741","1.17962","Primary Amine"
"Chloramphenicol","OC[C@@H](NC(=O)C(Cl)Cl)[C@H](O)C1=CC=C(C=C1)[N+]([O-])=O","C11H12Cl2N2O5","323.129","6","0.205359","0.97968","No Amine"
"Loracarbef","N[C@@H](C(=O)N[C@H]1[C@H]2CCC(Cl)=C(N2C1=O)C(O)=O)C1=CC=CC=C1","C16H16ClN3O4","349.769","4","0.0686433","0.787788","Primary Amine"
"Ertapenem","C[C@@H](O)[C@@H]1[C@H]2[C@@H](C)C(S[C@@H]3CN[C@@H](C3)C(=O)NC3=CC=CC(=C3)C(O)=O)=C(N2C1=O)C(O)=O","C22H25N3O7S","475.515","7","0.0699567","1.10508","Secondary Amine"
"Imipenem","C[C@@H](O)[C@@H]1[C@H]2CC(SCCNC=N)=C(N2C1=O)C(O)=O","C12H17N3O4S","299.346","7","0.110536","0.885054","No Amine"
"Meropenem","C[C@@H](O)[C@@H]1[C@H]2[C@@H](C)C(S[C@@H]3CN[C@@H](C3)C(=O)N(C)C)=C(N2C1=O)C(O)=O","C17H25N3O5S","383.462","5","0.269672","1.11702","Secondary Amine"
"Tomopenem","C[C@@H](O)[C@@H]1[C@H]2[C@@H](C)C(S[C@H]3C[C@H](N(C)C3)C(=O)N3CC[C@@H](C3)NC(=O)CNC(N)=N)=C(N2C1=O)C(O)=O","C23H35N7O6S","537.632","9","0.0793919","1.17275","Tertiary Amine"
"Cefetamet","CO\N=C(/C(=O)N[C@H]1[C@H]2SCC(C)=C(N2C1=O)C(O)=O)C1=CSC(N)=N1","C14H15N5O5S2","397.429","5","0.125208","0.993837","No Amine"
"Ceftibuten","NC1=NC(=CS1)C(=C\CC(O)=O)\C(=O)N[C@H]1[C@H]2SCC=C(N2C1=O)C(O)=O","C15H14N4O6S2","410.425","6","0.119103","1.03063","No Amine"
"Cefaclor","N[C@@H](C(=O)N[C@H]1[C@H]2SCC(Cl)=C(N2C1=O)C(O)=O)C1=CC=CC=C1","C15H14ClN3O4S","367.807","4","0.0556511","0.663537","Primary Amine"
"Cefadroxil","CC1=C(N2[C@H](SC1)[C@H](NC(=O)[C@H](N)C1=CC=C(O)C=C1)C2=O)C(O)=O","C16H17N3O5S","363.388","4","0.0595045","0.7889","Primary Amine"
"Cefamandole","CN1N=NN=C1SCC1=C(N2[C@H](SC1)[C@H](NC(=O)[C@H](O)C1=CC=CC=C1)C2=O)C(O)=O","C18H18N6O5S2","462.503","7","0.143717","1.30991","No Amine"
"Cefazolin","CC1=NN=C(SCC2=C(N3[C@H](SC2)[C@H](NC(=O)CN2C=NN=N2)C3=O)C(O)=O)S1","C14H14N8O4S3","454.507","7","0.0516256","0.81931","No Amine"
"Cefdinir","NC1=NC(=CS1)C(=N\O)\C(=O)N[C@H]1[C@H]2SCC(C=C)=C(N2C1=O)C(O)=O","C14H13N5O5S2","395.414","5","0.0639176","0.875291","No Amine"
"Cefditoren","CO\N=C(/C(=O)N[C@H]1[C@H]2SCC(\C=C/C3=C(C)N=CS3)=C(N2C1=O)C(O)=O)C1=CSC(N)=N1","C19H18N6O5S3","506.578","7","0.100202","1.09041","No Amine"
"Cefixime","NC1=NC(=CS1)C(=N\OCC(O)=O)\C(=O)N[C@H]1[C@H]2SCC(C=C)=C(N2C1=O)C(O)=O","C16H15N5O7S2","453.45","8","0.0839773","0.960782","No Amine"
"Cefmetazole","CO[C@]1(NC(=O)CSCC#N)[C@H]2SCC(CSC3=NN=NN3C)=C(N2C1=O)C(O)=O","C15H17N7O5S3","471.534","9","0.114685","1.1815","No Amine"
"Cefotaxime","CO\N=C(/C(=O)N[C@H]1[C@H]2SCC(COC(C)=O)=C(N2C1=O)C(O)=O)C1=CSC(N)=N1","C16H17N5O7S2","455.465","8","0.0633306","0.860276","No Amine"
"Cefotetan","CO[C@]1(NC(=O)C2SC(S2)=C(C(N)=O)C(O)=O)[C@H]2SCC(CSC3=NN=NN3C)=C(N2C1=O)C(O)=O","C17H17N7O8S4","575.619","9","0.0740319","1.11531","No Amine"
"Cefoxitin","CO[C@]1(NC(=O)CC2=CC=CS2)[C@H]2SCC(COC(N)=O)=C(N2C1=O)C(O)=O","C16H17N3O7S2","427.452","8","0.124945","1.08839","No Amine"
"Cefpodoxime","COCC1=C(N2[C@H](SC1)[C@H](NC(=O)C(=N/OC)\C1=CSC(N)=N1)C2=O)C(O)=O","C15H17N5O6S2","427.455","7","0.0802953","1.02026","No Amine"
"Cefprozil","CC=CC1=C(N2[C@H](SC1)[C@H](NC(=O)[C@H](N)C1=CC=C(O)C=C1)C2=O)C(O)=O","C18H19N3O5S","389.426","5","0.202988","1.1284","Primary Amine"
"Ceftizoxime","CO\N=C(/C(=O)N[C@H]1[C@H]2SCC=C(N2C1=O)C(O)=O)C1=CSC(N)=N1","C13H13N5O5S2","383.403","5","0.0664694","0.712237","No Amine"
"Ceftriaxone","CO\N=C(/C(=O)N[C@H]1[C@H]2SCC(CSC3=NC(=O)C(=O)NN3C)=C(N2C1=O)C(O)=O)C1=CSC(N)=N1","C18H18N8O7S3","554.58","8","0.061768","0.903582","No Amine"
"Cefuroxime","CO\N=C(/C(=O)N[C@H]1[C@H]2SCC(COC(N)=O)=C(N2C1=O)C(O)=O)C1=CC=CO1","C16H16N4O8S","424.385","8","0.106943","1.01324","No Amine"
"Cephalexin","CC1=C(N2[C@H](SC1)[C@H](NC(=O)[C@H](N)C1=CC=CC=C1)C2=O)C(O)=O","C16H17N3O4S","347.389","4","0.0809696","0.892803","Primary Amine"
"Cephalothin","CC(=O)OCC1=C(N2[C@H](SC1)[C@H](NC(=O)CC1=CC=CS1)C2=O)C(O)=O","C16H16N2O6S2","396.438","7","0.04724","0.82884","No Amine"
"Cephradine","CC1=C(N2[C@H](SC1)[C@H](NC(=O)[C@H](N)C1=CCC=CC1)C2=O)C(O)=O","C16H19N3O4S","349.405","4","0.0736696","0.959754","Primary Amine"
"Cefepime","CO\N=C(/C(=O)N[C@H]1[C@H]2SCC(C[N+]3(C)CCCC3)=C(N2C1=O)C(O)=O)C1=CSC(N)=N1","C19H25N6O5S2+","481.569","7","0.0525081","0.880448","No Amine"
"Cefpirome","CO\N=C(/C(=O)N[C@H]1[C@H]2SCC(C[N+]3=CC=CC4=C3CCC4)=C(N2C1=O)C(O)=O)C1=CSC(N)=N1","C22H23N6O5S2+","515.585","7","0.112809","1.1944","No Amine"
"Ceftazidime","CC(C)(O\N=C(/C(=O)N[C@H]1[C@H]2SCC(C[N+]3=CC=CC=C3)=C(N2C1=O)C(O)=O)C1=CSC(N)=N1)C(O)=O","C22H23N6O7S2+","547.584","9","0.076105","1.10744","No Amine"
"Ceftobiprole","NC1=NC(=NS1)C(=N\O)\C(=O)N[C@H]1[C@H]2SCC(\C=C3/CCN([C@@H]4CCNC4)C3=O)=C(N2C1=O)C(O)=O","C20H22N8O6S2","534.569","6","0.0331409","0.878164","Secondary Amine"
"Iclaprim","COC1=C(OC)C2=C(C=CC(O2)C2CC2)C(CC2=CN=C(N)N=C2N)=C1","C19H22N4O3","354.403","5","0.115437","0.893691","No Amine"
"Trimethoprim","COC1=CC(CC2=CN=C(N)N=C2N)=CC(OC)=C1OC","C14H18N4O3","290.318","5","0.212497","1.09901","No Amine"
"Nalidixicacid","CCN1C=C(C(O)=O)C(=O)C2=CC=C(C)N=C12","C12H12N2O3","232.235","2","0.048226","0.444408","No Amine"
"Delafloxacin","NC1=NC(N2C=C(C(O)=O)C(=O)C3=CC(F)=C(N4CC(O)C4)C(Cl)=C23)=C(F)C=C1F","C18H12ClF3N4O4","440.76","3","0.110779","0.854186","No Amine"
"Ciprofloxacin","OC(=O)C1=CN(C2CC2)C2=CC(N3CCNCC3)=C(F)C=C2C1=O","C17H18FN3O3","331.342","3","0.0389834","0.55308","Secondary Amine"
"Clinafloxacin","NC1CCN(C1)C1=C(F)C=C2C(=O)C(=CN(C3CC3)C2=C1Cl)C(O)=O","C17H17ClFN3O3","365.787","3","0.0711641","0.807859","Primary Amine"
"Danofloxacin","CN1C[C@@H]2C[C@H]1CN2C1=C(F)C=C2C(=O)C(=CN(C3CC3)C2=C1)C(O)=O","C19H20FN3O3","357.379","3","0.0953695","0.895309","Tertiary Amine"
"Difloxacin","CN1CCN(CC1)C1=C(F)C=C2C(=C1)N(C=C(C(O)=O)C2=O)C1=CC=C(F)C=C1","C21H19F2N3O3","399.391","3","0.085643","0.85109","Tertiary Amine"
"Dx-619","COC1=C2N(C=C(C(O)=O)C(=O)C2=CC=C1N1CC[C@H](C1)C1(N)CC1)[C@@H]1C[C@@H]1F","C21H24FN3O4","401.431","5","0.0650917","0.837973","Primary Amine"
"Enoxacin","CCN1C=C(C(O)=O)C(=O)C2=CC(F)=C(N=C12)N1CCNCC1","C15H17FN4O3","320.319","3","0.0513581","0.591163","Secondary Amine"
"Fleroxacin","CN1CCN(CC1)C1=C(F)C=C2C(=O)C(=CN(CCF)C2=C1F)C(O)=O","C17H18F3N3O3","369.338","4","0.0603932","0.731788","Tertiary Amine"
"Garenoxacin","C[C@H]1NCC2=C1C=CC(=C2)C1=CC=C2C(=O)C(=CN(C3CC3)C2=C1OC(F)F)C(O)=O","C23H20F2N2O4","426.413","5","0.0648427","0.849483","Secondary Amine"
"Gatifloxacin","COC1=C2N(C=C(C(O)=O)C(=O)C2=CC(F)=C1N1CCNC(C)C1)C1CC1","C19H22FN3O4","375.394","4","0.078229","0.789162","Secondary Amine"
"Gemifloxacin","CO\N=C1/CN(CC1CN)C1=C(F)C=C2C(=O)C(=CN(C3CC3)C2=N1)C(O)=O","C18H20FN5O4","389.381","5","0.0288186","0.512717","Primary Amine"
"Grepafloxacin","CC1CN(CCN1)C1=C(F)C(C)=C2C(=O)C(=CN(C3CC3)C2=C1)C(O)=O","C19H22FN3O3","359.395","3","0.0556202","0.604497","Secondary Amine"
"Levofloxacin","C[C@H]1COC2=C3N1C=C(C(O)=O)C(=O)C3=CC(F)=C2N1CCN(C)CC1","C18H20FN3O4","361.367","2","0.0363424","0.540022","Tertiary Amine"
"Lomefloxacin","CCN1C=C(C(O)=O)C(=O)C2=CC(F)=C(N3CCNC(C)C3)C(F)=C12","C17H19F2N3O3","351.348","3","0.0704228","0.733025","Secondary Amine"
"Moxifloxacin","COC1=C2N(C=C(C(O)=O)C(=O)C2=CC(F)=C1N1C[C@@H]2CCCN[C@@H]2C1)C1CC1","C21H24FN3O4","401.431","4","0.0938397","0.903861","Secondary Amine"
"Nadifloxacin","CC1CCC2=C3N1C=C(C(O)=O)C(=O)C3=CC(F)=C2N1CCC(O)CC1","C19H21FN2O4","360.379","2","0.0810518","0.760156","No Amine"
"Norfloxacin","CCN1C=C(C(O)=O)C(=O)C2=CC(F)=C(C=C12)N1CCNCC1","C16H18FN3O3","319.331","3","0.0546021","0.587488","Secondary Amine"
"Pefloxacin","CCN1C=C(C(O)=O)C(=O)C2=CC(F)=C(C=C12)N1CCN(C)CC1","C17H20FN3O3","333.357","3","0.0657877","0.764329","Tertiary Amine"
"Rufloxacin","CN1CCN(CC1)C1=C(F)C=C2C(=O)C(=CN3CCSC1=C23)C(O)=O","C17H18FN3O3S","363.407","2","0.0488275","0.575803","Tertiary Amine"
"Sitafloxacin","N[C@@H]1CN(CC11CC1)C1=C(F)C=C2C(=O)C(=CN([C@@H]3C[C@@H]3F)C2=C1Cl)C(O)=O","C19H18ClF2N3O3","409.814","3","0.0809831","0.920956","Primary Amine"
"Sparfloxacin","C[C@H]1CN(C[C@@H](C)N1)C1=C(F)C(N)=C2C(=O)C(=CN(C3CC3)C2=C1F)C(O)=O","C19H22F2N4O3","392.4","3","0.0796206","0.818556","Secondary Amine"
"Temafloxacin","CC1CN(CCN1)C1=C(F)C=C2C(=O)C(=CN(C2=C1)C1=C(F)C=C(F)C=C1)C(O)=O","C21H18F3N3O3","417.381","3","0.105124","0.846409","Secondary Amine"
"Trovafloxacin","NC1[C@@H]2CN(C[C@H]12)C1=C(F)C=C2C(=O)C(=CN(C3=C(F)C=C(F)C=C3)C2=N1)C(O)=O","C20H15F3N4O3","416.353","3","0.0511171","0.58185","Primary Amine"
"Aztreonam","C[C@H]1[C@H](NC(=O)C(=N/OC(C)(C)C(O)=O)\C2=CSC(N)=N2)C(=O)N1S(O)(=O)=O","C13H17N5O8S2","435.433","7","0.136404","0.992149","No Amine"
"Fosfomycin","C[C@@H]1O[C@@H]1P(O)(O)=O","C3H7O4P","138.059","1","0.304939","0.717285","No Amine"
"Faropenem","C[C@@H](O)[C@@H]1[C@H]2SC([C@H]3CCCO3)=C(N2C1=O)C(O)=O","C12H15NO5S","285.316","3","0.0897476","0.819699","No Amine"
"Doripenem","C[C@@H](O)[C@@H]1[C@H]2[C@@H](C)C(S[C@@H]3CN[C@H](CNS(N)(=O)=O)C3)=C(N2C1=O)C(O)=O","C15H24N4O6S2","420.504","7","0.0581131","0.881399","Secondary Amine"
"Amoxicillin","CC1(C)S[C@@H]2[C@H](NC(=O)[C@H](N)C3=CC=C(O)C=C3)C(=O)N2[C@H]1C(O)=O","C16H19N3O5S","365.404","4","0.105657","1.10207","Primary Amine"
"Ampicillin","CC1(C)S[C@@H]2[C@H](NC(=O)[C@H](N)C3=CC=CC=C3)C(=O)N2[C@H]1C(O)=O","C16H19N3O4S","349.405","4","0.157688","1.00077","Primary Amine"
"Carbenicillin","CC1(C)S[C@@H]2[C@H](NC(=O)C(C(O)=O)C3=CC=CC=C3)C(=O)N2[C@H]1C(O)=O","C17H18N2O6S","378.4","5","0.166251","1.23359","No Amine"
"Mezlocillin","CC1(C)S[C@@H]2[C@H](NC(=O)[C@H](NC(=O)N3CCN(C3=O)S(C)(=O)=O)C3=CC=CC=C3)C(=O)N2[C@H]1C(O)=O","C21H25N5O8S2","539.582","6","0.0857029","1.24332","No Amine"
"Ticarcillin","CC1(C)S[C@@H]2[C@H](NC(=O)[C@H](C(O)=O)C3=CSC=C3)C(=O)N2[C@H]1C(O)=O","C15H16N2O6S2","384.427","5","0.118818","0.990522","No Amine"
"Azlocillin","CC1(C)S[C@@H]2[C@H](NC(=O)[C@H](NC(=O)N3CCNC3=O)C3=CC=CC=C3)C(=O)N2[C@H]1C(O)=O","C20H23N5O6S","461.492","5","0.111977","1.18739","No Amine"
"Piperacillin","CCN1CCN(C(=O)N[C@@H](C(=O)N[C@H]2[C@H]3SC(C)(C)[C@@H](N3C2=O)C(O)=O)C2=CC=CC=C2)C(=O)C1=O","C23H27N5O7S","517.555","6","0.0720295","1.17784","No Amine"
"Sulfabenzamide","NC1=CC=C(C=C1)S(=O)(=O)NC(=O)C1=CC=CC=C1","C13H12N2O3S","276.311","3","0.14708","1.15397","No Amine"
"Sulfacetamide","CC(=O)NS(=O)(=O)C1=CC=C(N)C=C1","C8H10N2O3S","214.242","2","0.127387","0.873562","No Amine"
"Sulfachlorpyridazine","NC1=CC=C(C=C1)S(=O)(=O)NC1=NN=C(Cl)C=C1","C10H9ClN4O2S","284.722","3","0.11004","0.807862","No Amine"
"Sulfadiazine","NC1=CC=C(C=C1)S(=O)(=O)NC1=NC=CC=N1","C10H10N4O2S","250.277","3","0.111254","0.788075","No Amine"
"Sulfadimethoxine","COC1=NC(OC)=NC(NS(=O)(=O)C2=CC=C(N)C=C2)=C1","C12H14N4O4S","310.329","5","0.258628","1.24644","No Amine"
"Sulfaguanidine","NC(=N)NS(=O)(=O)C1=CC=C(N)C=C1","C7H10N4O2S","214.245","3","0.159071","0.883705","No Amine"
"Sulfamerazine","CC1=NC(NS(=O)(=O)C2=CC=C(N)C=C2)=NC=C1","C11H12N4O2S","264.304","3","0.0896559","0.782461","No Amine"
"Sulfameter","COC1=CN=C(NS(=O)(=O)C2=CC=C(N)C=C2)N=C1","C11H12N4O3S","280.303","4","0.0741501","0.74677","No Amine"
"Sulfamethazine","CC1=CC(C)=NC(NS(=O)(=O)C2=CC=C(N)C=C2)=N1","C12H14N4O2S","278.33","3","0.0965737","0.787319","No Amine"
"Sulfamethizole","CC1=NN=C(NS(=O)(=O)C2=CC=C(N)C=C2)S1","C9H10N4O2S2","270.331","3","0.0272584","0.479318","No Amine"
"Sulfamethoxazole","CC1=CC(NS(=O)(=O)C2=CC=C(N)C=C2)=NO1","C10H11N3O3S","253.278","3","0.12111","0.894304","No Amine"
"Sulfamethoxypyridazine","COC1=NN=C(NS(=O)(=O)C2=CC=C(N)C=C2)C=C1","C11H12N4O3S","280.303","4","0.185112","0.973948","No Amine"
"Sulfamonomethoxine","COC1=NC=NC(NS(=O)(=O)C2=CC=C(N)C=C2)=C1","C11H12N4O3S","280.303","4","0.0835635","0.814951","No Amine"
"Sulfanitran","CC(=O)NC1=CC=C(C=C1)S(=O)(=O)NC1=CC=C(C=C1)[N+]([O-])=O","C14H13N3O5S","335.335","5","0.137598","0.982293","No Amine"
"Sulfaphenazole","NC1=CC=C(C=C1)S(=O)(=O)NC1=CC=NN1C1=CC=CC=C1","C15H14N4O2S","314.362","4","0.0779269","0.743301","No Amine"
"Sulfapyridine","NC1=CC=C(C=C1)S(=O)(=O)NC1=CC=CC=N1","C11H11N3O2S","249.289","3","0.228747","1.01567","No Amine"
"Sulfaquinoxaline","NC1=CC=C(C=C1)S(=O)(=O)NC1=CN=C2C=CC=CC2=N1","C14H12N4O2S","300.336","3","0.220031","1.08954","No Amine"
"Sulfathiazole","NC1=CC=C(C=C1)S(=O)(=O)NC1=NC=CS1","C9H9N3O2S2","255.317","3","0.0317305","0.46113","No Amine"
"Sulfisoxazole","CC1=NOC(NS(=O)(=O)C2=CC=C(N)C=C2)=C1C","C11H13N3O3S","267.304","3","0.174497","0.972258","No Amine"
"Demeclocycline","CN(C)[C@H]1[C@@H]2C[C@@H]3[C@H](O)C4=C(Cl)C=CC(O)=C4C(=O)C3=C(O)[C@]2(O)C(O)=C(C(N)=O)C1=O","C21H21ClN2O8","464.853","2","0.128828","1.07362","Tertiary Amine"
"Doxycycline","C[C@@H]1[C@H]2[C@H](O)[C@H]3[C@H](N(C)C)C(=O)C(C(N)=O)C(=O)[C@@]3(O)C(O)=C2C(=O)C2=C1C=CC=C2O","C22H24N2O8","444.435","2","0.107848","1.03433","Tertiary Amine"
"Meclocycline","CN(C)[C@H]1[C@@H]2[C@@H](O)[C@@H]3C(=C)C4=C(Cl)C=CC(O)=C4C(=O)C3=C(O)[C@]2(O)C(O)=C(C(N)=O)C1=O","C22H21ClN2O8","476.864","2","0.149025","1.01155","Tertiary Amine"
"Methacycline","CN(C)[C@H]1[C@@H]2[C@@H](O)[C@@H]3C(=C)C4=C(C(O)=CC=C4)C(=O)C3=C(O)[C@]2(O)C(O)=C(C(N)=O)C1=O","C22H22N2O8","442.419","2","0.199638","1.33474","Tertiary Amine"
"Minocycline","CN(C)[C@H]1[C@@H]2C[C@@H]3CC4=C(C=CC(O)=C4C(=O)C3=C(O)[C@]2(O)C(O)=C(C(N)=O)C1=O)N(C)C","C23H27N3O7","457.476","3","0.136353","1.04748","Tertiary Amine"
"Oxytetracycline","CN(C)[C@H]1[C@@H]2[C@@H](O)[C@H]3C(=C(O)[C@]2(O)C(=O)C(C(N)=O)C1=O)C(=O)C1=C(C=CC=C1O)[C@@]3(C)O","C22H24N2O9","460.434","2","0.228258","1.11117","Tertiary Amine"
"Omadacycline","CN(C)[C@H]1[C@@H]2C[C@@H]3CC4=C(C=C(CNCC(C)(C)C)C(O)=C4C(=O)C3=C(O)[C@]2(O)C(=O)C(C(N)=O)C1=O)N(C)C","C29H40N4O7","556.651","7","0.0645035","1.02524","Secondary Amine"
"Tetracycline","CN(C)[C@H]1[C@@H]2C[C@H]3C(=C(O)[C@]2(O)C(=O)C(C(N)=O)C1=O)C(=O)C1=C(C=CC=C1O)[C@@]3(C)O","C22H24N2O8","444.435","2","0.19132","1.15587","Tertiary Amine"
"Tigecycline","CN(C)[C@H]1[C@@H]2C[C@@H]3CC4=C(C=C(NC(=O)CNC(C)(C)C)C(O)=C4C(=O)C3=C(O)[C@]2(O)C(=O)C(C(N)=O)C1=O)N(C)C","C29H39N5O8","585.649","7","0.0639145","1.12793","Secondary Amine"
"Chlortetracycline","CN(C)[C@H]1[C@@H]2C[C@H]3C(=C(O)[C@]2(O)C(=O)C(C(N)=O)C1=O)C(=O)C1=C(O)C=CC(Cl)=C1[C@@]3(C)O","C22H23ClN2O8","478.88","2","0.153817","1.17265","Tertiary Amine"
"Ofloxacin","CC1COC2=C3N1C=C(C(O)=O)C(=O)C3=CC(F)=C2N1CCN(C)CC1","C18H20FN3O4","361.367","2","0.0535263","0.671372","Tertiary Amine"
"Tigemonam","CC1(C)[C@H](NC(=O)C(=N/OCC(O)=O)\C2=CSC(N)=N2)C(=O)N1OS(O)(=O)=O","C12H15N5O9S2","437.406","8","0.107724","0.905717","No Amine"
"Lenapenem","CNCC[C@@H](O)[C@@H]1C[C@@H](CN1)SC1=C(N2[C@@H]([C@@H]([C@@H](C)O)C2=O)[C@H]1C)C(O)=O","C18H29N3O5S","399.505","8","0.0640449","0.965467","Secondary Amine"
"Sulopenem","C[C@@H](O)[C@@H]1[C@H]2SC(S[C@H]3CC[S@@](=O)C3)=C(N2C1=O)C(O)=O","C12H15NO5S3","349.446","4","0.0780555","0.785099","No Amine"
"Biapenem","C[C@@H](O)[C@@H]1[C@H]2[C@@H](C)C(SC3CN4C=NC=[N+]4C3)=C(N2C1=O)C(O)=O","C15H19N4O4S+","351.401","4","0.069738","0.801282","No Amine"
"Tebipenem","C[C@@H](O)[C@@H]1[C@H]2[C@@H](C)C(SC3CN(C3)C3=NCCS3)=C(N2C1=O)C(O)=O","C16H21N3O4S2","383.486","5","0.110275","1.09091","No Amine"
"Rolitetracycline","CN(C)[C@H]1[C@@H]2C[C@H]3C(=C(O)[C@]2(O)C(=O)C(C(=O)NCN2CCCC2)C1=O)C(=O)C1=C(C=CC=C1O)[C@@]3(C)O","C27H33N3O8","527.566","4","0.0912214","1.19453","Tertiary Amine"
"Eravacycline","CN(C)[C@H]1[C@@H]2C[C@@H]3CC4=C(F)C=C(NC(=O)CN5CCCC5)C(O)=C4C(=O)C3=C(O)[C@]2(O)C(O)=C(C(N)=O)C1=O","C27H31FN4O8","558.555","5","0.0914952","1.29987","Tertiary Amine"
"Tetroxoprim","COCCOC1=C(OC)C=C(CC2=CN=C(N)N=C2N)C=C1OC","C16H22N4O4","334.37","8","0.144304","1.19819","No Amine"
"Aditoprim","COC1=CC(CC2=CN=C(N)N=C2N)=CC(OC)=C1N(C)C","C15H21N5O2","303.36","5","0.160841","1.06203","No Amine"
"Florfenicol","CS(=O)(=O)C1=CC=C(C=C1)[C@@H](O)[C@@H](CF)NC(=O)C(Cl)Cl","C12H14Cl2FNO4S","358.213","6","0.0976636","0.841797","No Amine"
"Thiamphenicol","CS(=O)(=O)C1=CC=C(C=C1)[C@@H](O)[C@@H](CO)NC(=O)C(Cl)Cl","C12H15Cl2NO5S","356.222","6","0.194236","1.03147","No Amine"
