"Compound_Name","TYPE","CID","SMILES","CAS","MW_Da","Less_equal_600_da"
"((4-Fluorophenyl)(propan-2-yl)carbamoyl)methanesulfonic acid","pollutant","16212225","CC(C)N(C1=CC=C(C=C1)F)C(=O)CS(=O)(=O)O","201668-32-8",275.3,TRUE
"(2,4-Dichlorophenoxy)Acetic acid","pollutant","1486","C1=CC(=C(C=C1Cl)Cl)OCC(=O)O","94-75-7",221.03,TRUE
"10,11-dihydroxycarbamazepine","pollutant","83852","C1=CC=C2C(=C1)C(C(C3=CC=CC=C3N2C(=O)N)O)O","35079-97-1",270.28,TRUE
"1-Decanol","pollutant","8174","CCCCCCCCCCO","112-30-1",158.28,TRUE
"2(3H)-Benzothiazolone","pollutant","13625","C1=CC=C2C(=C1)NC(=O)S2","934-34-9",151.19,TRUE
"2,6-Dichlorobenzamide","pollutant","16183","C1=CC(=C(C(=C1)Cl)C(=O)N)Cl","2008-58-4",190.02,TRUE
"2-Hydroxyibuprofen","pollutant","10443535","CC(C1=CC=C(C=C1)CC(C)(C)O)C(=O)O","51146-55-5",222.28,TRUE
"2-methyl-4-chlorophenoxyacetic acid","pollutant","7204","CC1=C(C=CC(=C1)Cl)OCC(=O)O","94-74-6",200.62,TRUE
"4-Phenoxybutyric acid","pollutant","22741","C1=CC=C(C=C1)OCCCC(=O)O","6303-58-8",180.2,TRUE
"5-Amino-2-methylphenol","pollutant","17818","CC1=C(C=C(C=C1)N)O","2835-95-2",123.15,TRUE
"5-Methyl-1H-benzotriazole","pollutant","8705","CC1=CC2=NNN=C2C=C1","136-85-6",133.15,TRUE
"Acenaphthene","pollutant","6734","C1CC2=CC=CC3=C2C1=CC=C3","83-32-9",154.21,TRUE
"Acetaminophen","pollutant","1983","CC(=O)NC1=CC=C(C=C1)O","103-90-2",151.16,TRUE
"Acetaminophen sulfate","pollutant","83939","CC(=O)NC1=CC=C(C=C1)OS(=O)(=O)O","10066-90-7",231.23,TRUE
"Acetamiprid","pollutant","213021","CC(=NC#N)N(C)CC1=CN=C(C=C1)Cl","160430-64-8",222.67,TRUE
"Acetylsalicylic acid","pollutant","2244","CC(=O)OC1=CC=CC=C1C(=O)O","50-78-2",180.16,TRUE
"Aclonifen","pollutant","92389","C1=CC=C(C=C1)OC2=C(C(=C(C=C2)[N+](=O)[O-])N)Cl","74070-46-5",264.66,TRUE
"Amitriptyline","pollutant","2160","CN(C)CCC=C1C2=CC=CC=C2CCC3=CC=CC=C31","50-48-6",277.4,TRUE
"Amphetamine","pollutant","3007","CC(CC1=CC=CC=C1)N","300-62-9",135.21,TRUE
"Aniline","pollutant","6115","C1=CC=C(C=C1)N","62-53-3",93.13,TRUE
"Atenolol","pollutant","2249","CC(C)NCC(COC1=CC=C(C=C1)CC(=O)N)O","29122-68-7",266.34,TRUE
"Atrazine","pollutant","2256","CCNC1=NC(=NC(=N1)Cl)NC(C)C","1912-24-9",215.68,TRUE
"Bentazone","pollutant","2328","CC(C)N1C(=O)C2=CC=CC=C2NS1(=O)=O","25057-89-0",240.28,TRUE
"Benzophenone","pollutant","3102","C1=CC=C(C=C1)C(=O)C2=CC=CC=C2","119-61-9",182.22,TRUE
"1H-Benzotriazole","pollutant","7220","C1=CC2=NNN=C2C=C1","95-14-7",119.12,TRUE
"Benzoylecgonine","pollutant","448223","CN1[C@H]2CC[C@@H]1[C@H]([C@H](C2)OC(=O)C3=CC=CC=C3)C(=O)O","519-09-5",289.33,TRUE
"Caffeine","pollutant","2519","CN1C=NC2=C1C(=O)N(C(=O)N2C)C","58-08-2",194.19,TRUE
"Carbamazepine","pollutant","2554","C1=CC=C2C(=C1)C=CC3=CC=CC=C3N2C(=O)N","298-46-4",236.27,TRUE
"Carbamazepine-10,11-epoxide","pollutant","2555","C1=CC=C2C(=C1)C3C(O3)C4=CC=CC=C4N2C(=O)N","36507-30-9",252.27,TRUE
"Cetirizine","pollutant","2678","C1CN(CCN1CCOCC(=O)O)C(C2=CC=CC=C2)C3=CC=C(C=C3)Cl","83881-51-0",388.9,TRUE
"Chlorantraniliprole","pollutant","11271640","CC1=CC(=CC(=C1NC(=O)C2=CC(=NN2C3=C(C=CC=N3)Cl)Br)C(=O)NC)Cl","500008-45-7",483.1,TRUE
"Chloridazon-desphenyl","pollutant","95827","C1=NNC(=O)C(=C1N)Cl","6339-19-1",145.55,TRUE
"Citalopram","pollutant","2771","CN(C)CCCC1(C2=C(CO1)C=C(C=C2)C#N)C3=CC=C(C=C3)F","59729-33-8",324.4,TRUE
"Clofibric acid","pollutant","2797","CC(C)(C(=O)O)OC1=CC=C(C=C1)Cl","882-09-7",214.64,TRUE
"Clothianidin","pollutant","86287519","CN/C(=N\[N+](=O)[O-])/NCC1=CN=C(S1)Cl","210880-92-5",249.68,TRUE
"Cocaine","pollutant","446220","CN1[C@H]2CC[C@@H]1[C@H]([C@H](C2)OC(=O)C3=CC=CC=C3)C(=O)OC","50-36-2",303.35,TRUE
"Codeine","pollutant","5284371","CN1CC[C@]23[C@@H]4[C@H]1CC5=C2C(=C(C=C5)OC)O[C@H]3[C@H](C=C4)O","76-57-3",299.4,TRUE
"Cotinine","pollutant","854019","CN1[C@@H](CCC1=O)C2=CN=CC=C2","486-56-6",176.21,TRUE
"Cyantraniliprole","pollutant","11578610","CC1=CC(=CC(=C1NC(=O)C2=CC(=NN2C3=C(C=CC=N3)Cl)Br)C(=O)NC)C#N","736994-63-1",473.7,TRUE
"Cyclohexanone","pollutant","7967","C1CCC(=O)CC1","108-94-1",98.14,TRUE
"Dicamba","pollutant","3030","COC1=C(C=CC(=C1C(=O)O)Cl)Cl","1918-00-9",221.03,TRUE
"Dichlobenil","pollutant","3031","C1=CC(=C(C(=C1)Cl)C#N)Cl","1194-65-6",172.01,TRUE
"Diclofenac","pollutant","3033","C1=CC=C(C(=C1)CC(=O)O)NC2=C(C=CC=C2Cl)Cl","15307-86-5",296.1,TRUE
"Diphenylamine","pollutant","11487","C1=CC=C(C=C1)NC2=CC=CC=C2","122-39-4",169.22,TRUE
"Diuron","pollutant","3120","CN(C)C(=O)NC1=CC(=C(C=C1)Cl)Cl","330-54-1",233.09,TRUE
"Ethylenediaminetetraacetic acid","pollutant","6049","C(CN(CC(=O)O)CC(=O)O)N(CC(=O)O)CC(=O)O","60-00-4",292.24,TRUE
"Estradiol","pollutant","5757","C[C@]12CC[C@H]3[C@H]([C@@H]1CC[C@@H]2O)CCC4=C3C=CC(=C4)O","50-28-2",272.4,TRUE
"Estriol","pollutant","5756","C[C@]12CC[C@H]3[C@H]([C@@H]1C[C@H]([C@@H]2O)O)CCC4=C3C=CC(=C4)O","50-27-1",288.4,TRUE
"Ethylbenzene","pollutant","7500","CCC1=CC=CC=C1","100-41-4",106.16,TRUE
"Fipronil","pollutant","3352","C1=C(C=C(C(=C1Cl)N2C(=C(C(=N2)C#N)S(=O)C(F)(F)F)N)Cl)C(F)(F)F","120068-37-3",437.1,TRUE
"Fipronil sulfone","pollutant","3078139","C1=C(C=C(C(=C1Cl)N2C(=C(C(=N2)C#N)S(=O)(=O)C(F)(F)F)N)Cl)C(F)(F)F","120068-36-2",453.1,TRUE
"Flufenacet","pollutant","86429","CC(C)N(C1=CC=C(C=C1)F)C(=O)COC2=NN=C(S2)C(F)(F)F","142459-58-3",363.33,TRUE
"Fluoranthene","pollutant","9154","C1=CC=C2C(=C1)C3=CC=CC4=C3C2=CC=C4","206-44-0",202.25,TRUE
"Fluoxetine","pollutant","3386","CNCCC(C1=CC=CC=C1)OC2=CC=C(C=C2)C(F)(F)F","54910-89-3",309.33,TRUE
"Flupyradifurone","pollutant","16752772","C1C(=CC(=O)O1)N(CC2=CN=C(C=C2)Cl)CC(F)F","951659-40-8",288.68,TRUE
"Gabapentin","pollutant","3446","C1CCC(CC1)(CC(=O)O)CN","60142-96-3",171.24,TRUE
"Gliclazide","pollutant","3475","CC1=CC=C(C=C1)S(=O)(=O)NC(=O)NN2CC3CCCC3C2","21187-98-4",323.4,TRUE
"Guanylurea","pollutant","8859","C(=NC(=O)N)(N)N","141-83-3",102.1,TRUE
"Hydrocodone","pollutant","5284569","CN1CC[C@]23[C@@H]4[C@H]1CC5=C2C(=C(C=C5)OC)O[C@H]3C(=O)CC4","125-29-1",299.4,TRUE
"Ibuprofen","pollutant","3672","CC(C)CC1=CC=C(C=C1)C(C)C(=O)O","58560-75-1",206.28,TRUE
"Imidacloprid","pollutant","86287518","C1CN(/C(=N/[N+](=O)[O-])/N1)CC2=CN=C(C=C2)Cl","138261-41-3",255.66,TRUE
"Isoprocarb","pollutant","17517","CC(C)C1=CC=CC=C1OC(=O)NC","2631-40-5",193.24,TRUE
"Ketamine","pollutant","3821","CNC1(CCCCC1=O)C2=CC=CC=C2Cl","6740-88-1",237.72,TRUE
"Lamotrigine","pollutant","3878","C1=CC(=C(C(=C1)Cl)Cl)C2=C(N=C(N=N2)N)N","84057-84-1",256.09,TRUE
"Lidocaine","pollutant","3676","CCN(CC)CC(=O)NC1=C(C=CC=C1C)C","137-58-6",234.34,TRUE
"Linalool","pollutant","6549","CC(=CCCC(C)(C=C)O)C","78-70-6",154.25,TRUE
"Sotalol","pollutant","5253","CC(C)NCC(C1=CC=C(C=C1)NS(=O)(=O)C)O","3930-20-9",272.37,TRUE
"Melamine","pollutant","7955","C1(=NC(=NC(=N1)N)N)N","108-78-1",126.12,TRUE
"Metaflumizone","pollutant","11614934","C1=CC(=CC(=C1)C(F)(F)F)/C(=N/NC(=O)NC2=CC=C(C=C2)OC(F)(F)F)/CC3=CC=C(C=C3)C#N","139968-49-3",506.4,TRUE
"Metazachlor","pollutant","49384","CC1=C(C(=CC=C1)C)N(CN2C=CC=N2)C(=O)CCl","67129-08-2",277.75,TRUE
"Metazachlor ESA","pollutant","86290102","CC1=C(C(=CC=C1)C)N(CN2C=CC=N2)C(=O)CS(=O)(=O)O","172960-62-2",323.37,TRUE
"Metformin","pollutant","4091","CN(C)C(=N)N=C(N)N","657-24-9",129.16,TRUE
"Methylamine","pollutant","6329","CN","74-89-5",31.057,TRUE
"Methylchlorophenoxypropionic acid","pollutant","22722247","CCC(C(=O)O)(OC1=CC=CC=C1)Cl",NA,214.64,TRUE
"Modafinil","pollutant","4236","C1=CC=C(C=C1)C(C2=CC=CC=C2)S(=O)CC(=O)N","68693-11-8",273.4,TRUE
"Morphine","pollutant","5288826","CN1CC[C@]23[C@@H]4[C@H]1CC5=C2C(=C(C=C5)O)O[C@H]3[C@H](C=C4)O","57-27-2",285.34,TRUE
"N,N,N',N'-Tetraacetylethylenediamine","pollutant","66347","CC(=O)N(CCN(C(=O)C)C(=O)C)C(=O)C","10543-57-4",228.24,TRUE
"N,N-diethyl-m-toluamide","pollutant","4284","CCN(CC)C(=O)C1=CC=CC(=C1)C","134-62-3",191.27,TRUE
"N,N-Dimethylaniline","pollutant","949","CN(C)C1=CC=CC=C1","121-69-7",121.18,TRUE
"Naproxen","pollutant","156391","C[C@@H](C1=CC2=C(C=C1)C=C(C=C2)OC)C(=O)O","22204-53-1",230.26,TRUE
"Nitrobenzene","pollutant","7416","C1=CC=C(C=C1)[N+](=O)[O-]","98-95-3",123.11,TRUE
"p-Benzoquinone","pollutant","4650","C1=CC(=O)C=CC1=O","106-51-4",108.09,TRUE
"Propyzamide","pollutant","32154","CC(C)(C#C)NC(=O)C1=CC(=CC(=C1)Cl)Cl","23950-58-5",256.12,TRUE
"Ranitidine","pollutant","3001055","CN/C(=C\[N+](=O)[O-])/NCCSCC1=CC=C(O1)CN(C)C","66357-35-5",314.41,TRUE
"Salicylic acid","pollutant","338","C1=CC=C(C(=C1)C(=O)O)O","69-72-7",138.12,TRUE
"Schradan","pollutant","9037","CN(C)P(=O)(N(C)C)OP(=O)(N(C)C)N(C)C","152-16-9",286.25,TRUE
"Sertraline","pollutant","68617","CN[C@H]1CC[C@H](C2=CC=CC=C12)C3=CC(=C(C=C3)Cl)Cl","79617-96-2",306.2,TRUE
"Simazine","pollutant","5216","CCNC1=NC(=NC(=N1)Cl)NCC","122-34-9",201.66,TRUE
"Sitagliptin","pollutant","4369359","C1CN2C(=NN=C2C(F)(F)F)CN1C(=O)C[C@@H](CC3=CC(=C(C=C3F)F)F)N","486460-32-6",407.31,TRUE
"Spirotetramat","pollutant","9969573","CCOC(=O)OC1=C(C(=O)NC12CCC(CC2)OC)C3=C(C=CC(=C3)C)C","203313-25-1",373.4,TRUE
"Sulisobenzone","pollutant","19988","COC1=C(C=C(C(=C1)O)C(=O)C2=CC=CC=C2)S(=O)(=O)O","4065-45-6",308.31,TRUE
"Terbutryn","pollutant","13450","CCNC1=NC(=NC(=N1)SC)NC(C)(C)C","886-50-0",241.36,TRUE
"Terpineol","pollutant","17100","CC1=CCC(CC1)C(C)(C)O","98-55-5",154.25,TRUE
"Tonalide","pollutant","89440","CC1CC(C2=C(C1(C)C)C=C(C(=C2)C(=O)C)C)(C)C","21145-77-7",258.4,TRUE
"Tramadol","pollutant","33741","CN(C)C[C@H]1CCCC[C@@]1(C2=CC(=CC=C2)OC)O","27203-92-5",263.37,TRUE
"N-Phenyl-1-naphthylamine","pollutant","7013","C1=CC=C(C=C1)NC2=CC=CC3=CC=CC=C32","90-30-2",219.28,TRUE
"2-Naphthylamine","pollutant","7057","C1=CC=C2C=C(C=CC2=C1)N","91-59-8",143.18,TRUE
"1-Naphthylamine","pollutant","8640","C1=CC=C2C(=C1)C=CC=C2N","134-32-7",143.18,TRUE
"N-nitrosodiphenylamine","pollutant","6838","C1=CC=C(C=C1)N(C2=CC=CC=C2)N=O","86-30-6",198.22,TRUE
"Venlafaxine","pollutant","5656","CN(C)CC(C1=CC=C(C=C1)OC)C2(CCCCC2)O","93413-69-5",277.4,TRUE
"Kanamycin a","GN_antibiotics_oshea","6032","C1[C@H]([C@@H]([C@H]([C@@H]([C@H]1N)O[C@@H]2[C@@H]([C@H]([C@@H]([C@H](O2)CN)O)O)O)O)O[C@@H]3[C@@H]([C@H]([C@@H]([C@H](O3)CO)O)N)O)N","8063-07-8",484.5,TRUE
"Streptomycin","GN_antibiotics_oshea","19649","C[C@H]1[C@@]([C@H]([C@@H](O1)O[C@@H]2[C@H]([C@@H]([C@H]([C@@H]([C@H]2O)O)N=C(N)N)O)N=C(N)N)O[C@H]3[C@H]([C@@H]([C@H]([C@@H](O3)CO)O)O)NC)(C=O)O","57-92-1",581.6,TRUE
"Amikacin","GN_antibiotics_oshea","37768","C1[C@@H]([C@H]([C@@H]([C@H]([C@@H]1NC(=O)[C@H](CCN)O)O[C@@H]2[C@@H]([C@H]([C@@H]([C@H](O2)CO)O)N)O)O)O[C@@H]3[C@@H]([C@H]([C@@H]([C@H](O3)CN)O)O)O)N","37517-28-5",585.6,TRUE
"Arbekacin","GN_antibiotics_oshea","68682","C1C[C@H]([C@H](O[C@@H]1CN)O[C@@H]2[C@H](C[C@H]([C@@H]([C@H]2O)O[C@@H]3[C@@H]([C@H]([C@@H]([C@H](O3)CO)O)N)O)NC(=O)[C@H](CCN)O)N)N","51025-85-5",552.6,TRUE
"Dibekacin","GN_antibiotics_oshea","470999","C1C[C@H]([C@H](O[C@@H]1CN)O[C@@H]2[C@H](C[C@H]([C@@H]([C@H]2O)O[C@@H]3[C@@H]([C@H]([C@@H]([C@H](O3)CO)O)N)O)N)N)N","34493-98-6",451.5,TRUE
"Gentamicin","GN_antibiotics_oshea","3467","CC(C1CCC(C(O1)OC2C(CC(C(C2O)OC3C(C(C(CO3)(C)O)NC)O)N)N)N)NC","1403-66-3",477.6,TRUE
"Isepamicin","GN_antibiotics_oshea","3037209","C[C@@]1(CO[C@@H]([C@@H]([C@H]1NC)O)O[C@H]2[C@@H](C[C@@H]([C@H]([C@@H]2O)O[C@@H]3[C@@H]([C@H]([C@@H]([C@H](O3)CN)O)O)O)N)NC(=O)[C@H](CN)O)O","58152-03-7",569.6,TRUE
"Netilmicin","GN_antibiotics_oshea","441306","CCN[C@@H]1C[C@@H]([C@H]([C@@H]([C@H]1O[C@@H]2[C@@H]([C@H]([C@@](CO2)(C)O)NC)O)O)O[C@@H]3[C@@H](CC=C(O3)CN)N)N","56391-56-1",475.6,TRUE
"Sisomicin","GN_antibiotics_oshea","36119","C[C@@]1(CO[C@@H]([C@@H]([C@H]1NC)O)O[C@H]2[C@@H](C[C@@H]([C@H]([C@@H]2O)O[C@@H]3[C@@H](CC=C(O3)CN)N)N)N)O","32385-11-8",447.5,TRUE
"Tobramycin","GN_antibiotics_oshea","36294","C1[C@@H]([C@H]([C@@H]([C@H]([C@@H]1N)O[C@@H]2[C@@H]([C@H]([C@@H]([C@H](O2)CO)O)N)O)O)O[C@@H]3[C@@H](C[C@@H]([C@H](O3)CN)O)N)N","32986-56-4",467.5,TRUE
"Chloramphenicol","GN_antibiotics_oshea","5959","C1=CC(=CC=C1[C@H]([C@@H](CO)NC(=O)C(Cl)Cl)O)[N+](=O)[O-]","56-75-7",323.13,TRUE
"Loracarbef","GN_antibiotics_oshea","5284585","C1CC(=C(N2[C@H]1[C@@H](C2=O)NC(=O)[C@@H](C3=CC=CC=C3)N)C(=O)O)Cl","76470-66-1",349.77,TRUE
"Ertapenem","GN_antibiotics_oshea","150610","C[C@@H]1[C@@H]2[C@H](C(=O)N2C(=C1S[C@H]3C[C@H](NC3)C(=O)NC4=CC=CC(=C4)C(=O)O)C(=O)O)[C@@H](C)O","153832-46-3",475.5,TRUE
"Imipenem","GN_antibiotics_oshea","104838","C[C@H]([C@@H]1[C@H]2CC(=C(N2C1=O)C(=O)O)SCCN=CN)O","64221-86-9",299.35,TRUE
"Meropenem","GN_antibiotics_oshea","441130","C[C@@H]1[C@@H]2[C@H](C(=O)N2C(=C1S[C@H]3C[C@H](NC3)C(=O)N(C)C)C(=O)O)[C@@H](C)O","96036-03-2",383.5,TRUE
"Tomopenem","GN_antibiotics_oshea","9809656","C[C@@H]1[C@@H]2[C@H](C(=O)N2C(=C1S[C@H]3C[C@H](N(C3)C)C(=O)N4CC[C@@H](C4)NC(=O)CN=C(N)N)C(=O)O)[C@@H](C)O","222400-20-6",537.6,TRUE
"Cefetamet","GN_antibiotics_oshea","5487888","CC1=C(N2[C@@H]([C@@H](C2=O)NC(=O)/C(=N\OC)/C3=CSC(=N3)N)SC1)C(=O)O","65052-63-3",397.4,TRUE
"Ceftibuten","GN_antibiotics_oshea","5282242","C1C=C(N2[C@H](S1)[C@@H](C2=O)NC(=O)/C(=C\CC(=O)O)/C3=CSC(=N3)N)C(=O)O","97519-39-6",410.4,TRUE
"Cefaclor","GN_antibiotics_oshea","51039","C1C(=C(N2[C@H](S1)[C@@H](C2=O)NC(=O)[C@@H](C3=CC=CC=C3)N)C(=O)O)Cl","53994-73-3",367.8,TRUE
"Cefadroxil","GN_antibiotics_oshea","47965","CC1=C(N2[C@@H]([C@@H](C2=O)NC(=O)[C@@H](C3=CC=C(C=C3)O)N)SC1)C(=O)O","50370-12-2",363.4,TRUE
"Cefamandole","GN_antibiotics_oshea","456255","CN1C(=NN=N1)SCC2=C(N3[C@@H]([C@@H](C3=O)NC(=O)[C@@H](C4=CC=CC=C4)O)SC2)C(=O)O","34444-01-4",462.5,TRUE
"Cefazolin","GN_antibiotics_oshea","33255","CC1=NN=C(S1)SCC2=C(N3[C@@H]([C@@H](C3=O)NC(=O)CN4C=NN=N4)SC2)C(=O)O","25953-19-9",454.5,TRUE
"Cefdinir","GN_antibiotics_oshea","6915944","C=CC1=C(N2[C@@H]([C@@H](C2=O)NC(=O)/C(=N\O)/C3=CSC(=N3)N)SC1)C(=O)O","91832-40-5",395.4,TRUE
"Cefditoren","GN_antibiotics_oshea","9870843","CC1=C(SC=N1)/C=C\C2=C(N3[C@@H]([C@@H](C3=O)NC(=O)/C(=N\OC)/C4=CSC(=N4)N)SC2)C(=O)O","104145-95-1",506.6,TRUE
"Cefixime","GN_antibiotics_oshea","5362065","C=CC1=C(N2[C@@H]([C@@H](C2=O)NC(=O)/C(=N\OCC(=O)O)/C3=CSC(=N3)N)SC1)C(=O)O","79350-37-1",453.5,TRUE
"Cefmetazole","GN_antibiotics_oshea","42008","CN1C(=NN=N1)SCC2=C(N3[C@@H]([C@@](C3=O)(NC(=O)CSCC#N)OC)SC2)C(=O)O","56796-20-4",471.5,TRUE
"Cefotaxime","GN_antibiotics_oshea","5742673","CC(=O)OCC1=C(N2[C@@H]([C@@H](C2=O)NC(=O)/C(=N\OC)/C3=CSC(=N3)N)SC1)C(=O)O","63527-52-6",455.5,TRUE
"Cefotetan","GN_antibiotics_oshea","53025","CN1C(=NN=N1)SCC2=C(N3[C@@H]([C@@](C3=O)(NC(=O)C4SC(=C(C(=O)N)C(=O)O)S4)OC)SC2)C(=O)O","69712-56-7",575.6,TRUE
"Cefoxitin","GN_antibiotics_oshea","441199","CO[C@@]1([C@@H]2N(C1=O)C(=C(CS2)COC(=O)N)C(=O)O)NC(=O)CC3=CC=CS3","35607-66-0",427.5,TRUE
"Cefpodoxime","GN_antibiotics_oshea","6335986","COCC1=C(N2[C@@H]([C@@H](C2=O)NC(=O)/C(=N\OC)/C3=CSC(=N3)N)SC1)C(=O)O","80210-62-4",427.5,TRUE
"Cefprozil","GN_antibiotics_oshea","62977","CC=CC1=C(N2[C@@H]([C@@H](C2=O)NC(=O)[C@@H](C3=CC=C(C=C3)O)N)SC1)C(=O)O","92665-29-7",389.4,TRUE
"Ceftizoxime","GN_antibiotics_oshea","6533629","CO/N=C(/C1=CSC(=N1)N)\C(=O)N[C@H]2[C@@H]3N(C2=O)C(=CCS3)C(=O)O","68401-81-0",383.4,TRUE
"Ceftriaxone","GN_antibiotics_oshea","5479530","CN1C(=NC(=O)C(=O)N1)SCC2=C(N3[C@@H]([C@@H](C3=O)NC(=O)/C(=N\OC)/C4=CSC(=N4)N)SC2)C(=O)O","73384-59-5",554.6,TRUE
"Cefuroxime","GN_antibiotics_oshea","5479529","CO/N=C(/C1=CC=CO1)\C(=O)N[C@H]2[C@@H]3N(C2=O)C(=C(CS3)COC(=O)N)C(=O)O","55268-75-2",424.4,TRUE
"Cephalexin","GN_antibiotics_oshea","27447","CC1=C(N2[C@@H]([C@@H](C2=O)NC(=O)[C@@H](C3=CC=CC=C3)N)SC1)C(=O)O","15686-71-2",347.4,TRUE
"Cephalothin","GN_antibiotics_oshea","6024","CC(=O)OCC1=C(N2[C@@H]([C@@H](C2=O)NC(=O)CC3=CC=CS3)SC1)C(=O)O","153-61-7",396.4,TRUE
"Cephradine","GN_antibiotics_oshea","38103","CC1=C(N2[C@@H]([C@@H](C2=O)NC(=O)[C@@H](C3=CCC=CC3)N)SC1)C(=O)O","38821-53-3",349.4,TRUE
"Cefepime","GN_antibiotics_oshea","5479537","C[N+]1(CCCC1)CC2=C(N3[C@@H]([C@@H](C3=O)NC(=O)/C(=N\OC)/C4=CSC(=N4)N)SC2)C(=O)[O-]","88040-23-7",480.6,TRUE
"Cefpirome","GN_antibiotics_oshea","5479539","CO/N=C(/C1=CSC(=N1)N)\C(=O)N[C@H]2[C@@H]3N(C2=O)C(=C(CS3)C[N+]4=CC=CC5=C4CCC5)C(=O)[O-]","84957-29-9",514.6,TRUE
"Ceftazidime","GN_antibiotics_oshea","5481173","CC(C)(C(=O)O)O/N=C(/C1=CSC(=N1)N)\C(=O)N[C@H]2[C@@H]3N(C2=O)C(=C(CS3)C[N+]4=CC=CC=C4)C(=O)[O-]","72558-82-8",546.6,TRUE
"Ceftobiprole","GN_antibiotics_oshea","135413542","C1CNC[C@@H]1N2CC/C(=C\C3=C(N4[C@@H]([C@@H](C4=O)NC(=O)/C(=N\O)/C5=NSC(=N5)N)SC3)C(=O)O)/C2=O","209467-52-7",534.6,TRUE
"Iclaprim","GN_antibiotics_oshea","213043","COC1=C(C2=C(C=CC(O2)C3CC3)C(=C1)CC4=CN=C(N=C4N)N)OC","192314-93-5",354.4,TRUE
"Trimethoprim","GN_antibiotics_oshea","5578","COC1=CC(=CC(=C1OC)OC)CC2=CN=C(N=C2N)N","738-70-5",290.32,TRUE
"Nalidixic acid","GN_antibiotics_oshea","4421","CCN1C=C(C(=O)C2=C1N=C(C=C2)C)C(=O)O","389-08-2",232.23,TRUE
"Delafloxacin","GN_antibiotics_oshea","487101","C1C(CN1C2=C(C=C3C(=C2Cl)N(C=C(C3=O)C(=O)O)C4=C(C=C(C(=N4)N)F)F)F)O","189279-58-1",440.8,TRUE
"Ciprofloxacin","GN_antibiotics_oshea","2764","C1CC1N2C=C(C(=O)C3=CC(=C(C=C32)N4CCNCC4)F)C(=O)O","85721-33-1",331.34,TRUE
"Clinafloxacin","GN_antibiotics_oshea","60063","C1CC1N2C=C(C(=O)C3=CC(=C(C(=C32)Cl)N4CCC(C4)N)F)C(=O)O","105956-97-6",365.8,TRUE
"Danofloxacin","GN_antibiotics_oshea","71335","CN1C[C@@H]2C[C@H]1CN2C3=C(C=C4C(=C3)N(C=C(C4=O)C(=O)O)C5CC5)F","112398-08-0",357.4,TRUE
"Difloxacin","GN_antibiotics_oshea","56206","CN1CCN(CC1)C2=C(C=C3C(=C2)N(C=C(C3=O)C(=O)O)C4=CC=C(C=C4)F)F","98106-17-3",399.4,TRUE
"Dx-619","GN_antibiotics_oshea","9865774","COC1=C(C=CC2=C1N(C=C(C2=O)C(=O)O)[C@@H]3C[C@@H]3F)N4CC[C@H](C4)C5(CC5)N","431058-65-0",401.4,TRUE
"Enoxacin","GN_antibiotics_oshea","3229","CCN1C=C(C(=O)C2=CC(=C(N=C21)N3CCNCC3)F)C(=O)O","74011-58-8",320.32,TRUE
"Fleroxacin","GN_antibiotics_oshea","3357","CN1CCN(CC1)C2=C(C=C3C(=C2F)N(C=C(C3=O)C(=O)O)CCF)F","79660-72-3",369.34,TRUE
"Garenoxacin","GN_antibiotics_oshea","124093","C[C@@H]1C2=C(CN1)C=C(C=C2)C3=C(C4=C(C=C3)C(=O)C(=CN4C5CC5)C(=O)O)OC(F)F","194804-75-6",426.4,TRUE
"Gatifloxacin","GN_antibiotics_oshea","5379","CC1CN(CCN1)C2=C(C=C3C(=C2OC)N(C=C(C3=O)C(=O)O)C4CC4)F","112811-59-3",375.4,TRUE
"Gemifloxacin","GN_antibiotics_oshea","9571107","CO/N=C/1\CN(CC1CN)C2=C(C=C3C(=O)C(=CN(C3=N2)C4CC4)C(=O)O)F","175463-14-6",389.4,TRUE
"Grepafloxacin","GN_antibiotics_oshea","72474","CC1CN(CCN1)C2=C(C(=C3C(=C2)N(C=C(C3=O)C(=O)O)C4CC4)C)F","119914-60-2",359.4,TRUE
"Levofloxacin","GN_antibiotics_oshea","149096","C[C@H]1COC2=C3N1C=C(C(=O)C3=CC(=C2N4CCN(CC4)C)F)C(=O)O","100986-85-4",361.4,TRUE
"Lomefloxacin","GN_antibiotics_oshea","3948","CCN1C=C(C(=O)C2=CC(=C(C(=C21)F)N3CCNC(C3)C)F)C(=O)O","98079-51-7",351.35,TRUE
"Moxifloxacin","GN_antibiotics_oshea","152946","COC1=C2C(=CC(=C1N3C[C@@H]4CCCN[C@@H]4C3)F)C(=O)C(=CN2C5CC5)C(=O)O","151096-09-2",401.4,TRUE
"Nadifloxacin","GN_antibiotics_oshea","4410","CC1CCC2=C3N1C=C(C(=O)C3=CC(=C2N4CCC(CC4)O)F)C(=O)O","124858-35-1",360.4,TRUE
"Norfloxacin","GN_antibiotics_oshea","4539","CCN1C=C(C(=O)C2=CC(=C(C=C21)N3CCNCC3)F)C(=O)O","70458-96-7",319.33,TRUE
"Pefloxacin","GN_antibiotics_oshea","51081","CCN1C=C(C(=O)C2=CC(=C(C=C21)N3CCN(CC3)C)F)C(=O)O","70458-92-3",333.36,TRUE
"Rufloxacin","GN_antibiotics_oshea","58258","CN1CCN(CC1)C2=C(C=C3C4=C2SCCN4C=C(C3=O)C(=O)O)F","101363-10-4",363.4,TRUE
"Sitafloxacin","GN_antibiotics_oshea","461399","C1CC12CN(C[C@H]2N)C3=C(C=C4C(=C3Cl)N(C=C(C4=O)C(=O)O)[C@@H]5C[C@@H]5F)F","127254-12-0",409.8,TRUE
"Sparfloxacin","GN_antibiotics_oshea","60464","C[C@@H]1CN(C[C@@H](N1)C)C2=C(C(=C3C(=C2F)N(C=C(C3=O)C(=O)O)C4CC4)N)F","110871-86-8",392.4,TRUE
"Temafloxacin","GN_antibiotics_oshea","60021","CC1CN(CCN1)C2=C(C=C3C(=C2)N(C=C(C3=O)C(=O)O)C4=C(C=C(C=C4)F)F)F","108319-06-8",417.4,TRUE
"Trovafloxacin","GN_antibiotics_oshea","62959","C1[C@@H]2[C@@H](C2N)CN1C3=C(C=C4C(=O)C(=CN(C4=N3)C5=C(C=C(C=C5)F)F)C(=O)O)F","147059-72-1",416.4,TRUE
"Aztreonam","GN_antibiotics_oshea","5742832","C[C@H]1[C@@H](C(=O)N1S(=O)(=O)O)NC(=O)/C(=N\OC(C)(C)C(=O)O)/C2=CSC(=N2)N","78110-38-0",435.4,TRUE
"Fosfomycin","GN_antibiotics_oshea","446987","C[C@H]1[C@H](O1)P(=O)(O)O","23155-02-4",138.06,TRUE
"Faropenem","GN_antibiotics_oshea","65894","C[C@H]([C@@H]1[C@@H]2N(C1=O)C(=C(S2)[C@H]3CCCO3)C(=O)O)O","106560-14-9",285.32,TRUE
"Doripenem","GN_antibiotics_oshea","73303","C[C@@H]1[C@@H]2[C@H](C(=O)N2C(=C1S[C@H]3C[C@H](NC3)CNS(=O)(=O)N)C(=O)O)[C@@H](C)O","148016-81-3",420.5,TRUE
"Amoxicillin","GN_antibiotics_oshea","33613","CC1([C@@H](N2[C@H](S1)[C@@H](C2=O)NC(=O)[C@@H](C3=CC=C(C=C3)O)N)C(=O)O)C","26787-78-0",365.4,TRUE
"Ampicillin","GN_antibiotics_oshea","6249","CC1([C@@H](N2[C@H](S1)[C@@H](C2=O)NC(=O)[C@@H](C3=CC=CC=C3)N)C(=O)O)C","69-53-4",349.4,TRUE
"Carbenicillin","GN_antibiotics_oshea","20824","CC1([C@@H](N2[C@H](S1)[C@@H](C2=O)NC(=O)C(C3=CC=CC=C3)C(=O)O)C(=O)O)C","4697-36-3",378.4,TRUE
"Mezlocillin","GN_antibiotics_oshea","656511","CC1([C@@H](N2[C@H](S1)[C@@H](C2=O)NC(=O)[C@@H](C3=CC=CC=C3)NC(=O)N4CCN(C4=O)S(=O)(=O)C)C(=O)O)C","51481-65-3",539.6,TRUE
"Ticarcillin","GN_antibiotics_oshea","36921","CC1([C@@H](N2[C@H](S1)[C@@H](C2=O)NC(=O)[C@@H](C3=CSC=C3)C(=O)O)C(=O)O)C","34787-01-4",384.4,TRUE
"Azlocillin","GN_antibiotics_oshea","6479523","CC1([C@@H](N2[C@H](S1)[C@@H](C2=O)NC(=O)[C@@H](C3=CC=CC=C3)NC(=O)N4CCNC4=O)C(=O)O)C","37091-66-0",461.5,TRUE
"Piperacillin","GN_antibiotics_oshea","43672","CCN1CCN(C(=O)C1=O)C(=O)N[C@H](C2=CC=CC=C2)C(=O)N[C@H]3[C@@H]4N(C3=O)[C@H](C(S4)(C)C)C(=O)O","61477-96-1",517.6,TRUE
"Sulfabenzamide","GN_antibiotics_oshea","5319","C1=CC=C(C=C1)C(=O)NS(=O)(=O)C2=CC=C(C=C2)N","127-71-9",276.31,TRUE
"Sulfacetamide","GN_antibiotics_oshea","5320","CC(=O)NS(=O)(=O)C1=CC=C(C=C1)N","144-80-9",214.24,TRUE
"Sulfachlorpyridazine","GN_antibiotics_oshea","6634","C1=CC(=CC=C1N)S(=O)(=O)NC2=NN=C(C=C2)Cl","80-32-0",284.72,TRUE
"Sulfadiazine","GN_antibiotics_oshea","5215","C1=CN=C(N=C1)NS(=O)(=O)C2=CC=C(C=C2)N","68-35-9",250.28,TRUE
"Sulfadimethoxine","GN_antibiotics_oshea","5323","COC1=NC(=NC(=C1)NS(=O)(=O)C2=CC=C(C=C2)N)OC","122-11-2",310.33,TRUE
"Sulfaguanidine","GN_antibiotics_oshea","5324","C1=CC(=CC=C1N)S(=O)(=O)N=C(N)N","57-67-0",214.25,TRUE
"Sulfamerazine","GN_antibiotics_oshea","5325","CC1=NC(=NC=C1)NS(=O)(=O)C2=CC=C(C=C2)N","127-79-7",264.31,TRUE
"Sulfameter","GN_antibiotics_oshea","5326","COC1=CN=C(N=C1)NS(=O)(=O)C2=CC=C(C=C2)N","651-06-9",280.31,TRUE
"Sulfamethazine","GN_antibiotics_oshea","5327","CC1=CC(=NC(=N1)NS(=O)(=O)C2=CC=C(C=C2)N)C","57-68-1",278.33,TRUE
"Sulfamethizole","GN_antibiotics_oshea","5328","CC1=NN=C(S1)NS(=O)(=O)C2=CC=C(C=C2)N","144-82-1",270.3,TRUE
"Sulfamethoxazole","GN_antibiotics_oshea","5329","CC1=CC(=NO1)NS(=O)(=O)C2=CC=C(C=C2)N","723-46-6",253.28,TRUE
"Sulfamethoxypyridazine","GN_antibiotics_oshea","5330","COC1=NN=C(C=C1)NS(=O)(=O)C2=CC=C(C=C2)N","80-35-3",280.31,TRUE
"Sulfamonomethoxine","GN_antibiotics_oshea","5332","COC1=NC=NC(=C1)NS(=O)(=O)C2=CC=C(C=C2)N","1220-83-3",280.31,TRUE
"Sulfanitran","GN_antibiotics_oshea","5334","CC(=O)NC1=CC=C(C=C1)S(=O)(=O)NC2=CC=C(C=C2)[N+](=O)[O-]","122-16-7",335.34,TRUE
"Sulfaphenazole","GN_antibiotics_oshea","5335","C1=CC=C(C=C1)N2C(=CC=N2)NS(=O)(=O)C3=CC=C(C=C3)N","526-08-9",314.4,TRUE
"Sulfapyridine","GN_antibiotics_oshea","5336","C1=CC=NC(=C1)NS(=O)(=O)C2=CC=C(C=C2)N","144-83-2",249.29,TRUE
"Sulfaquinoxaline","GN_antibiotics_oshea","5338","C1=CC=C2C(=C1)N=CC(=N2)NS(=O)(=O)C3=CC=C(C=C3)N","59-40-5",300.34,TRUE
"Sulfathiazole","GN_antibiotics_oshea","5340","C1=CC(=CC=C1N)S(=O)(=O)NC2=NC=CS2","72-14-0",255.3,TRUE
"Sulfisoxazole","GN_antibiotics_oshea","5344","CC1=C(ON=C1C)NS(=O)(=O)C2=CC=C(C=C2)N","127-69-5",267.31,TRUE
"Demeclocycline","GN_antibiotics_oshea","54680690","CN(C)[C@H]1[C@@H]2C[C@@H]3[C@@H](C4=C(C=CC(=C4C(=C3C(=O)[C@@]2(C(=C(C1=O)C(=O)N)O)O)O)O)Cl)O","127-33-3",464.9,TRUE
"Doxycycline","GN_antibiotics_oshea","54671203","C[C@@H]1[C@H]2[C@@H]([C@H]3[C@@H](C(=O)C(=C([C@]3(C(=O)C2=C(C4=C1C=CC=C4O)O)O)O)C(=O)N)N(C)C)O","7164-70-7",444.4,TRUE
"Meclocycline","GN_antibiotics_oshea","54676539","CN(C)[C@H]1[C@@H]2[C@H]([C@@H]3C(=C)C4=C(C=CC(=C4C(=C3C(=O)[C@@]2(C(=C(C1=O)C(=O)N)O)O)O)O)Cl)O","2013-58-3",476.9,TRUE
"Methacycline","GN_antibiotics_oshea","54675785","CN(C)[C@H]1[C@@H]2[C@H]([C@@H]3C(=C)C4=C(C(=CC=C4)O)C(=C3C(=O)[C@@]2(C(=C(C1=O)C(=O)N)O)O)O)O","914-00-1",442.4,TRUE
"Minocycline","GN_antibiotics_oshea","54675783","CN(C)[C@H]1[C@@H]2C[C@@H]3CC4=C(C=CC(=C4C(=C3C(=O)[C@@]2(C(=C(C1=O)C(=O)N)O)O)O)O)N(C)C","10118-90-8",457.5,TRUE
"Oxytetracycline","GN_antibiotics_oshea","54675779","C[C@@]1([C@H]2[C@@H]([C@H]3[C@@H](C(=O)C(=C([C@]3(C(=O)C2=C(C4=C1C=CC=C4O)O)O)O)C(=O)N)N(C)C)O)O","79-57-2",460.4,TRUE
"Omadacycline","GN_antibiotics_oshea","54697325","CC(C)(C)CNCC1=CC(=C2C[C@H]3C[C@H]4[C@@H](C(=O)C(=C([C@]4(C(=O)C3=C(C2=C1O)O)O)O)C(=O)N)N(C)C)N(C)C","389139-89-3",556.6,TRUE
"Tetracycline","GN_antibiotics_oshea","54675776","C[C@@]1([C@H]2C[C@H]3[C@@H](C(=O)C(=C([C@]3(C(=O)C2=C(C4=C1C=CC=C4O)O)O)O)C(=O)N)N(C)C)O","60-54-8",444.4,TRUE
"Tigecycline","GN_antibiotics_oshea","54686904","CC(C)(C)NCC(=O)NC1=CC(=C2C[C@H]3C[C@H]4[C@@H](C(=O)C(=C([C@]4(C(=O)C3=C(C2=C1O)O)O)O)C(=O)N)N(C)C)N(C)C","220620-09-7",585.6,TRUE
"Chlortetracycline","GN_antibiotics_oshea","54675777","C[C@@]1([C@H]2C[C@H]3[C@@H](C(=O)C(=C([C@]3(C(=O)C2=C(C4=C(C=CC(=C41)Cl)O)O)O)O)C(=O)N)N(C)C)O","57-62-5",478.9,TRUE
"Ofloxacin","antibiotics_other","4583","CC1COC2=C3N1C=C(C(=O)C3=CC(=C2N4CCN(CC4)C)F)C(=O)O","82419-36-1",361.4,TRUE
"Tigemonam","antibiotics_other","9576769","CC1([C@@H](C(=O)N1OS(=O)(=O)O)NC(=O)/C(=N\OCC(=O)O)/C2=CSC(=N2)N)C","102507-71-1",437.4,TRUE
"Lenapenem","antibiotics_other","216262","C[C@@H]1[C@@H]2[C@H](C(=O)N2C(=C1S[C@H]3C[C@H](NC3)[C@@H](CCNC)O)C(=O)O)[C@@H](C)O","149951-16-6",399.5,TRUE
"Sulopenem","antibiotics_other","9950244","C[C@H]([C@@H]1[C@@H]2N(C1=O)C(=C(S2)S[C@H]3CC[S@@](=O)C3)C(=O)O)O","120788-07-0",349.5,TRUE
"Biapenem","antibiotics_other","71339","C[C@@H]1[C@@H]2[C@H](C(=O)N2C(=C1SC3CN4C=NC=[N+]4C3)C(=O)[O-])[C@@H](C)O","120410-24-4",350.4,TRUE
"Tebipenem","antibiotics_other","9800194","C[C@@H]1[C@@H]2[C@H](C(=O)N2C(=C1SC3CN(C3)C4=NCCS4)C(=O)O)[C@@H](C)O","161715-21-5",383.5,TRUE
"Rolitetracycline","antibiotics_other","54682938","C[C@@]1([C@H]2C[C@H]3[C@@H](C(=O)C(=C([C@]3(C(=O)C2=C(C4=C1C=CC=C4O)O)O)O)C(=O)NCN5CCCC5)N(C)C)O","751-97-3",527.6,TRUE
"Eravacycline","antibiotics_other","54726192","CN(C)[C@H]1[C@@H]2C[C@@H]3CC4=C(C=C(C(=C4C(=C3C(=O)[C@@]2(C(=C(C1=O)C(=O)N)O)O)O)O)NC(=O)CN5CCCC5)F","1207283-85-9",558.6,TRUE
"Tetroxoprim","antibiotics_other","65450","COCCOC1=C(C=C(C=C1OC)CC2=CN=C(N=C2N)N)OC","53808-87-0",334.37,TRUE
"Aditoprim","antibiotics_other","68755","CN(C)C1=C(C=C(C=C1OC)CC2=CN=C(N=C2N)N)OC","56066-63-8",303.36,TRUE
"Florfenicol","antibiotics_other","114811","CS(=O)(=O)C1=CC=C(C=C1)[C@H]([C@@H](CF)NC(=O)C(Cl)Cl)O","73231-34-2",358.2,TRUE
"Thiamphenicol","antibiotics_other","27200","CS(=O)(=O)C1=CC=C(C=C1)[C@H]([C@@H](CO)NC(=O)C(Cl)Cl)O","15318-45-3",356.2,TRUE
